{
	"credit": "Made by L33tfox with Blockbench",
	"texture_size": [32, 32],
	"textures": {
		"0": "item/deagle",
		"particle": "item/deagle"
	},
	"elements": [
		{
			"from": [7, 8, 0],
			"to": [9, 9, 1],
			"faces": {
				"north": {"uv": [8, 8.5, 9, 9], "texture": "#0"},
				"east": {"uv": [6.5, 6, 7, 6.5], "texture": "#0"},
				"south": {"uv": [0, 9, 1, 9.5], "texture": "#0"},
				"west": {"uv": [4, 7, 4.5, 7.5], "texture": "#0"},
				"up": {"uv": [10, 0.5, 9, 0], "texture": "#0"},
				"down": {"uv": [10, 0.5, 9, 1], "texture": "#0"}
			}
		},
		{
			"from": [6.5, 8, 1],
			"to": [7.5, 9, 2],
			"faces": {
				"north": {"uv": [7, 11, 7.5, 11.5], "texture": "#0"},
				"east": {"uv": [11, 7, 11.5, 7.5], "texture": "#0"},
				"south": {"uv": [7.5, 11, 8, 11.5], "texture": "#0"},
				"west": {"uv": [11, 7.5, 11.5, 8], "texture": "#0"},
				"up": {"uv": [8.5, 11.5, 8, 11], "texture": "#0"},
				"down": {"uv": [11.5, 8, 11, 8.5], "texture": "#0"}
			}
		},
		{
			"from": [8.5, 8, 1],
			"to": [9.5, 9, 2],
			"faces": {
				"north": {"uv": [8.5, 11, 9, 11.5], "texture": "#0"},
				"east": {"uv": [11, 8.5, 11.5, 9], "texture": "#0"},
				"south": {"uv": [9, 11, 9.5, 11.5], "texture": "#0"},
				"west": {"uv": [11, 9, 11.5, 9.5], "texture": "#0"},
				"up": {"uv": [10, 11.5, 9.5, 11], "texture": "#0"},
				"down": {"uv": [11.5, 9.5, 11, 10], "texture": "#0"}
			}
		},
		{
			"from": [6.5, 6, 1],
			"to": [9.5, 7, 2],
			"faces": {
				"north": {"uv": [5, 8.5, 6.5, 9], "texture": "#0"},
				"east": {"uv": [6.5, 11, 7, 11.5], "texture": "#0"},
				"south": {"uv": [8.5, 6, 10, 6.5], "texture": "#0"},
				"west": {"uv": [11, 6.5, 11.5, 7], "texture": "#0"},
				"up": {"uv": [8, 9, 6.5, 8.5], "texture": "#0"},
				"down": {"uv": [10, 6.5, 8.5, 7], "texture": "#0"}
			}
		},
		{
			"from": [7.5, 8, 1],
			"to": [8.5, 9.5, 2],
			"faces": {
				"north": {"uv": [3.5, 10, 4, 11], "texture": "#0"},
				"east": {"uv": [4, 10, 4.5, 11], "texture": "#0"},
				"south": {"uv": [4.5, 10, 5, 11], "texture": "#0"},
				"west": {"uv": [5, 10, 5.5, 11], "texture": "#0"},
				"up": {"uv": [6.5, 11.5, 6, 11], "texture": "#0"},
				"down": {"uv": [11.5, 6, 11, 6.5], "texture": "#0"}
			}
		},
		{
			"from": [7.5, 8, 10],
			"to": [8.5, 9.5, 11],
			"faces": {
				"north": {"uv": [9.5, 10, 10, 11], "texture": "#0"},
				"east": {"uv": [10, 9.5, 10.5, 10.5], "texture": "#0"},
				"south": {"uv": [0, 10.5, 0.5, 11.5], "texture": "#0"},
				"west": {"uv": [0.5, 10.5, 1, 11.5], "texture": "#0"},
				"up": {"uv": [11.5, 11.5, 11, 11], "texture": "#0"},
				"down": {"uv": [0.5, 11.5, 0, 12], "texture": "#0"}
			}
		},
		{
			"from": [6.5, 6, 11],
			"to": [9.5, 8, 12],
			"faces": {
				"north": {"uv": [6.5, 4, 8, 5], "texture": "#0"},
				"east": {"uv": [1, 8, 1.5, 9], "texture": "#0"},
				"south": {"uv": [6.5, 5, 8, 6], "texture": "#0"},
				"west": {"uv": [1, 9, 1.5, 10], "texture": "#0"},
				"up": {"uv": [7, 8, 5.5, 7.5], "texture": "#0"},
				"down": {"uv": [9, 8, 7.5, 8.5], "texture": "#0"}
			}
		},
		{
			"from": [7, 7, 12],
			"to": [9, 8, 12.5],
			"faces": {
				"north": {"uv": [10, 6.5, 11, 7], "texture": "#0"},
				"east": {"uv": [10.5, 11, 11, 11.5], "texture": "#0"},
				"south": {"uv": [10, 7, 11, 7.5], "texture": "#0"},
				"west": {"uv": [11, 10.5, 11.5, 11], "texture": "#0"},
				"up": {"uv": [8.5, 10.5, 7.5, 10], "texture": "#0"},
				"down": {"uv": [11, 7.5, 10, 8], "texture": "#0"}
			}
		},
		{
			"from": [7, 6, 12],
			"to": [9, 7, 13],
			"faces": {
				"north": {"uv": [5.5, 10, 6.5, 10.5], "texture": "#0"},
				"east": {"uv": [10, 11, 10.5, 11.5], "texture": "#0"},
				"south": {"uv": [10, 5.5, 11, 6], "texture": "#0"},
				"west": {"uv": [11, 10, 11.5, 10.5], "texture": "#0"},
				"up": {"uv": [11, 6.5, 10, 6], "texture": "#0"},
				"down": {"uv": [7.5, 10, 6.5, 10.5], "texture": "#0"}
			}
		},
		{
			"from": [7.5, 5, 11],
			"to": [8.5, 6, 12],
			"faces": {
				"north": {"uv": [10.5, 4.5, 11, 5], "texture": "#0"},
				"east": {"uv": [10.5, 5, 11, 5.5], "texture": "#0"},
				"south": {"uv": [5.5, 10.5, 6, 11], "texture": "#0"},
				"west": {"uv": [6, 10.5, 6.5, 11], "texture": "#0"},
				"up": {"uv": [7, 11, 6.5, 10.5], "texture": "#0"},
				"down": {"uv": [7.5, 10.5, 7, 11], "texture": "#0"}
			}
		},
		{
			"from": [7, 8, 11],
			"to": [9, 9, 12],
			"faces": {
				"north": {"uv": [3.5, 9, 4.5, 9.5], "texture": "#0"},
				"east": {"uv": [7.5, 10.5, 8, 11], "texture": "#0"},
				"south": {"uv": [4.5, 9, 5.5, 9.5], "texture": "#0"},
				"west": {"uv": [8, 10.5, 8.5, 11], "texture": "#0"},
				"up": {"uv": [6.5, 9.5, 5.5, 9], "texture": "#0"},
				"down": {"uv": [7.5, 9, 6.5, 9.5], "texture": "#0"}
			}
		},
		{
			"from": [7.5, 6, 0],
			"to": [8.5, 7, 1],
			"faces": {
				"north": {"uv": [10.5, 8.5, 11, 9], "texture": "#0"},
				"east": {"uv": [10.5, 9, 11, 9.5], "texture": "#0"},
				"south": {"uv": [10.5, 9.5, 11, 10], "texture": "#0"},
				"west": {"uv": [10, 10.5, 10.5, 11], "texture": "#0"},
				"up": {"uv": [11, 10.5, 10.5, 10], "texture": "#0"},
				"down": {"uv": [11, 10.5, 10.5, 11], "texture": "#0"}
			}
		},
		{
			"from": [7.5, 7, 1],
			"to": [8.5, 8, 2],
			"faces": {
				"north": {"uv": [11, 0, 11.5, 0.5], "texture": "#0"},
				"east": {"uv": [1, 11, 1.5, 11.5], "texture": "#0"},
				"south": {"uv": [11, 1, 11.5, 1.5], "texture": "#0"},
				"west": {"uv": [1.5, 11, 2, 11.5], "texture": "#0"},
				"up": {"uv": [11.5, 2, 11, 1.5], "texture": "#0"},
				"down": {"uv": [2.5, 11, 2, 11.5], "texture": "#0"}
			}
		},
		{
			"from": [8.5, 7, 0],
			"to": [9.5, 8, 2],
			"faces": {
				"north": {"uv": [11, 2, 11.5, 2.5], "texture": "#0"},
				"east": {"uv": [7.5, 9, 8.5, 9.5], "texture": "#0"},
				"south": {"uv": [2.5, 11, 3, 11.5], "texture": "#0"},
				"west": {"uv": [9, 8, 10, 8.5], "texture": "#0"},
				"up": {"uv": [9, 10, 8.5, 9], "texture": "#0"},
				"down": {"uv": [9.5, 8.5, 9, 9.5], "texture": "#0"}
			}
		},
		{
			"from": [6.5, 7, 0],
			"to": [7.5, 8, 2],
			"faces": {
				"north": {"uv": [11, 2.5, 11.5, 3], "texture": "#0"},
				"east": {"uv": [0, 9.5, 1, 10], "texture": "#0"},
				"south": {"uv": [3, 11, 3.5, 11.5], "texture": "#0"},
				"west": {"uv": [1.5, 9.5, 2.5, 10], "texture": "#0"},
				"up": {"uv": [3, 10.5, 2.5, 9.5], "texture": "#0"},
				"down": {"uv": [3.5, 9.5, 3, 10.5], "texture": "#0"}
			}
		},
		{
			"from": [6.5, 6, 2],
			"to": [9.5, 8, 11],
			"faces": {
				"north": {"uv": [5.5, 6.5, 7, 7.5], "texture": "#0"},
				"east": {"uv": [3, 0, 7.5, 1], "texture": "#0"},
				"south": {"uv": [0, 7, 1.5, 8], "texture": "#0"},
				"west": {"uv": [3, 1, 7.5, 2], "texture": "#0"},
				"up": {"uv": [1.5, 4.5, 0, 0], "texture": "#0"},
				"down": {"uv": [3, 0, 1.5, 4.5], "texture": "#0"}
			}
		},
		{
			"from": [6.5, 8, 9],
			"to": [9.5, 9, 11],
			"faces": {
				"north": {"uv": [8.5, 1, 10, 1.5], "texture": "#0"},
				"east": {"uv": [3.5, 9.5, 4.5, 10], "texture": "#0"},
				"south": {"uv": [8.5, 1.5, 10, 2], "texture": "#0"},
				"west": {"uv": [4.5, 9.5, 5.5, 10], "texture": "#0"},
				"up": {"uv": [4, 8, 2.5, 7], "texture": "#0"},
				"down": {"uv": [8.5, 6, 7, 7], "texture": "#0"}
			}
		},
		{
			"from": [6.5, 8, 9],
			"to": [9.5, 9, 11],
			"faces": {
				"north": {"uv": [8.5, 1, 10, 1.5], "texture": "#0"},
				"east": {"uv": [3.5, 9.5, 4.5, 10], "texture": "#0"},
				"south": {"uv": [8.5, 1.5, 10, 2], "texture": "#0"},
				"west": {"uv": [4.5, 9.5, 5.5, 10], "texture": "#0"},
				"up": {"uv": [4, 8, 2.5, 7], "texture": "#0"},
				"down": {"uv": [8.5, 6, 7, 7], "texture": "#0"}
			}
		},
		{
			"from": [6.5, 4, 9],
			"to": [9.5, 6, 10],
			"faces": {
				"north": {"uv": [7.5, 2.5, 9, 3.5], "texture": "#0"},
				"east": {"uv": [8.5, 10, 9, 11], "texture": "#0"},
				"south": {"uv": [4, 7.5, 5.5, 8.5], "texture": "#0"},
				"west": {"uv": [9, 10, 9.5, 11], "texture": "#0"},
				"up": {"uv": [10, 7.5, 8.5, 7], "texture": "#0"},
				"down": {"uv": [10, 7.5, 8.5, 8], "texture": "#0"}
			}
		},
		{
			"from": [7, 8, 2],
			"to": [9, 9, 7],
			"faces": {
				"north": {"uv": [5.5, 9.5, 6.5, 10], "texture": "#0"},
				"east": {"uv": [8, 4.5, 10.5, 5], "texture": "#0"},
				"south": {"uv": [6.5, 9.5, 7.5, 10], "texture": "#0"},
				"west": {"uv": [8, 5, 10.5, 5.5], "texture": "#0"},
				"up": {"uv": [3.5, 7, 2.5, 4.5], "texture": "#0"},
				"down": {"uv": [4.5, 4.5, 3.5, 7], "texture": "#0"}
			}
		},
		{
			"from": [6.5, 8, 7],
			"to": [9.5, 9, 9],
			"faces": {
				"north": {"uv": [8.5, 2, 10, 2.5], "texture": "#0"},
				"east": {"uv": [7.5, 9.5, 8.5, 10], "texture": "#0"},
				"south": {"uv": [3.5, 8.5, 5, 9], "texture": "#0"},
				"west": {"uv": [9.5, 8.5, 10.5, 9], "texture": "#0"},
				"up": {"uv": [8.5, 8, 7, 7], "texture": "#0"},
				"down": {"uv": [9, 0, 7.5, 1], "texture": "#0"}
			}
		},
		{
			"from": [7, 0, 7.5],
			"to": [9, 1, 11],
			"faces": {
				"north": {"uv": [9, 9.5, 10, 10], "texture": "#0"},
				"east": {"uv": [5.5, 8, 7.5, 8.5], "texture": "#0"},
				"south": {"uv": [9.5, 9, 10.5, 9.5], "texture": "#0"},
				"west": {"uv": [8, 5.5, 10, 6], "texture": "#0"},
				"up": {"uv": [6.5, 6.5, 5.5, 4.5], "texture": "#0"},
				"down": {"uv": [7.5, 2, 6.5, 4], "texture": "#0"}
			}
		},
		{
			"from": [7, 0.5, 11],
			"to": [9, 2, 11.5],
			"faces": {
				"north": {"uv": [0, 8, 1, 9], "texture": "#0"},
				"east": {"uv": [10.5, 1, 11, 2], "texture": "#0"},
				"south": {"uv": [2.5, 8, 3.5, 9], "texture": "#0"},
				"west": {"uv": [10.5, 2, 11, 3], "texture": "#0"},
				"up": {"uv": [3.5, 11, 2.5, 10.5], "texture": "#0"},
				"down": {"uv": [11.5, 3, 10.5, 3.5], "texture": "#0"}
			}
		},
		{
			"from": [7, 5.5, 2],
			"to": [9, 6, 8],
			"faces": {
				"north": {"uv": [10, 8, 11, 8.5], "texture": "#0"},
				"east": {"uv": [7.5, 3.5, 10.5, 4], "texture": "#0"},
				"south": {"uv": [10.5, 0.5, 11.5, 1], "texture": "#0"},
				"west": {"uv": [8, 4, 11, 4.5], "texture": "#0"},
				"up": {"uv": [2.5, 7.5, 1.5, 4.5], "texture": "#0"},
				"down": {"uv": [5.5, 2, 4.5, 5], "texture": "#0"}
			}
		},
		{
			"from": [7, 1, 8],
			"to": [9, 6, 11],
			"faces": {
				"north": {"uv": [4.5, 5, 5.5, 7.5], "texture": "#0"},
				"east": {"uv": [3, 2, 4.5, 4.5], "texture": "#0"},
				"south": {"uv": [5.5, 2, 6.5, 4.5], "texture": "#0"},
				"west": {"uv": [0, 4.5, 1.5, 7], "texture": "#0"},
				"up": {"uv": [8.5, 2.5, 7.5, 1], "texture": "#0"},
				"down": {"uv": [2.5, 7.5, 1.5, 9], "texture": "#0"}
			}
		},
		{
			"from": [7.5, 3.5, 6],
			"to": [8.5, 4, 8],
			"faces": {
				"north": {"uv": [3.5, 11, 4, 11.5], "texture": "#0"},
				"east": {"uv": [0, 10, 1, 10.5], "texture": "#0"},
				"south": {"uv": [11, 3.5, 11.5, 4], "texture": "#0"},
				"west": {"uv": [10, 0, 11, 0.5], "texture": "#0"},
				"up": {"uv": [10.5, 1.5, 10, 0.5], "texture": "#0"},
				"down": {"uv": [1.5, 10, 1, 11], "texture": "#0"}
			}
		},
		{
			"from": [7.5, 4, 5.5],
			"to": [8.5, 5.5, 6],
			"faces": {
				"north": {"uv": [1.5, 10, 2, 11], "texture": "#0"},
				"east": {"uv": [10, 1.5, 10.5, 2.5], "texture": "#0"},
				"south": {"uv": [2, 10, 2.5, 11], "texture": "#0"},
				"west": {"uv": [10, 2.5, 10.5, 3.5], "texture": "#0"},
				"up": {"uv": [4.5, 11.5, 4, 11], "texture": "#0"},
				"down": {"uv": [11.5, 4, 11, 4.5], "texture": "#0"}
			}
		},
		{
			"from": [7.5, 4.5, 7],
			"to": [8.5, 5.5, 7.5],
			"faces": {
				"north": {"uv": [4.5, 11, 5, 11.5], "texture": "#0"},
				"east": {"uv": [11, 4.5, 11.5, 5], "texture": "#0"},
				"south": {"uv": [5, 11, 5.5, 11.5], "texture": "#0"},
				"west": {"uv": [11, 5, 11.5, 5.5], "texture": "#0"},
				"up": {"uv": [6, 11.5, 5.5, 11], "texture": "#0"},
				"down": {"uv": [11.5, 5.5, 11, 6], "texture": "#0"}
			}
		}
	],
	"gui_light": "front",
	"display": {
		"thirdperson_righthand": {
			"translation": [0, 4.25, 0.5],
			"scale": [0.75, 0.75, 0.75]
		},
		"thirdperson_lefthand": {
			"translation": [0, 4.25, 0.5],
			"scale": [0.75, 0.75, 0.75]
		},
		"firstperson_righthand": {
			"rotation": [36, -24, 12],
			"translation": [8, 6.75, 0]
		},
		"firstperson_lefthand": {
			"rotation": [36, -24, 12],
			"translation": [8, 6.75, 0]
		},
		"ground": {
			"rotation": [0, 0, 90]
		},
		"gui": {
			"rotation": [0, 90, 0],
			"translation": [1.75, 2.75, 0],
			"scale": [1.1, 1.1, 1.1]
		},
		"head": {
			"translation": [0, 14, 0]
		},
		"fixed": {
			"rotation": [0, -90, 0],
			"translation": [-1.5, 2.75, 0]
		}
	}
}